{
 "T_hand_eye": [
  0.9938428931734067,
  0.10201615428487394,
  -0.04323202463032892,
  0.0,
  -0.04470830715078637,
  0.012228187575958116,
  -0.9989252417975625,
  0.0,
  -0.10137786227980701,
  0.9947075830079575,
  0.016713866878867445,
  0.0,
  -33.59418381461265,
  36.76670164896993,
  -26.11950708641909,
  1.0
 ],
 "T_mount_fiducial": [
  0.9973782318008328,
  0.07236461447898307,
  0.00015906335967593485,
  0.0,
  -0.07236473915040728,
  0.9973777189023657,
  0.001015068868137299,
  0.0,
  -8.519118352215712e-05,
  -0.0010239181713901885,
  0.999999472166881,
  0.0,
  8.581025674303447,
  -10.575286899832177,
  -10.356424748412884,
  1.0
 ]
}
